<beans xmlns="http://www.springframework.org/schema/beans"
	xmlns:context="http://www.springframework.org/schema/context"
	xmlns:mvc="http://www.springframework.org/schema/mvc" xmlns:xsi="http://www.w3.org/2001/XMLSchema-instance"
	xmlns:jd="http://www.springframework.org/schema/jdbc"
	xsi:schemaLocation="
        http://www.springframework.org/schema/beans     
        http://www.springframework.org/schema/beans/spring-beans-3.0.xsd
        http://www.springframework.org/schema/context 
        http://www.springframework.org/schema/context/spring-context-3.0.xsd
        http://www.springframework.org/schema/mvc
        http://www.springframework.org/schema/mvc/spring-mvc-3.0.xsd
        http://www.springframework.org/schema/jdbc
        http://www.springframework.org/schema/jdbc/spring-jdbc-3.0.xsd">

	<context:component-scan base-package="com.assignment1.config, com.assignment1.controller" />
	<context:annotation-config />
	<mvc:annotation-driven/>

	<bean class="org.springframework.web.servlet.view.InternalResourceViewResolver">
		<property name="prefix">
			<value>/WEB-INF/</value>
		</property>
		<property name="suffix">
			<value>.jsp</value>
		</property>
	</bean>
	
	<!-- Below configuration has been added to enable in memory DB HSQLDB  -->
	<jd:embedded-database id="dataSource" type="HSQL">
	  <jd:script location="classpath:schema.sql"/>
	  <jd:script location="classpath:test-data.sql"/>
	</jd:embedded-database>

</beans>



